group,label,mouse,day,log2_fold_change
0,DMSO,g0_m0,0.0,0.0
0,DMSO,g0_m1,0.0,0.0
0,DMSO,g0_m2,0.0,0.0
0,DMSO,g0_m3,0.0,0.0
0,DMSO,g0_m4,0.0,0.0
0,DMSO,g0_m5,0.0,0.0
0,DMSO,g0_m6,0.0,0.0
0,DMSO,g0_m7,0.0,0.0
0,DMSO,g0_m8,0.0,0.0
0,DMSO,g0_m0,2.0,0.89949321
0,DMSO,g0_m1,2.0,0.08749832
0,DMSO,g0_m2,2.0,0.25658352
0,DMSO,g0_m3,2.0,0.56751482
0,DMSO,g0_m4,2.0,0.53191854
0,DMSO,g0_m5,2.0,0.18942291
0,DMSO,g0_m6,2.0,0.87226122
0,DMSO,g0_m7,2.0,0.48462672
0,DMSO,g0_m8,2.0,0.39112135
0,DMSO,g0_m0,6.0,1.19460759
0,DMSO,g0_m1,6.0,1.06691399
0,DMSO,g0_m2,6.0,0.37501134
0,DMSO,g0_m3,6.0,0.75498053
0,DMSO,g0_m4,6.0,0.82238118
0,DMSO,g0_m5,6.0,0.37377539
0,DMSO,g0_m6,6.0,1.45575852
0,DMSO,g0_m7,6.0,0.8324593
0,DMSO,g0_m8,6.0,1.1114753
0,DMSO,g0_m0,9.0,1.16546124
0,DMSO,g0_m1,9.0,1.47338947
0,DMSO,g0_m2,9.0,0.50244975
0,DMSO,g0_m3,9.0,0.76585071
0,DMSO,g0_m4,9.0,0.90131425
0,DMSO,g0_m5,9.0,0.46864894
0,DMSO,g0_m6,9.0,2.1069307
0,DMSO,g0_m7,9.0,1.0974248
0,DMSO,g0_m8,9.0,1.12585993
0,DMSO,g0_m0,12.0,1.19460759
0,DMSO,g0_m1,12.0,1.36231458
0,DMSO,g0_m2,12.0,0.83891144
0,DMSO,g0_m3,12.0,0.9362012
0,DMSO,g0_m4,12.0,0.92138656
0,DMSO,g0_m5,12.0,0.69601755
0,DMSO,g0_m6,12.0,2.2656736
0,DMSO,g0_m7,12.0,1.15278291
0,DMSO,g0_m8,12.0,1.44680378
0,DMSO,g0_m0,16.0,1.76892759
0,DMSO,g0_m1,16.0,1.71008487
0,DMSO,g0_m2,16.0,0.92041718
0,DMSO,g0_m3,16.0,1.25961174
0,DMSO,g0_m4,16.0,0.93464741
0,DMSO,g0_m5,16.0,1.05321421
0,DMSO,g0_m6,16.0,2.40845884
0,DMSO,g0_m7,16.0,1.52420274
0,DMSO,g0_m8,16.0,1.53622364
0,DMSO,g0_m0,20.0,1.72623448
0,DMSO,g0_m1,20.0,1.5474629
0,DMSO,g0_m2,20.0,1.17802166
0,DMSO,g0_m3,20.0,1.55613628
0,DMSO,g0_m4,20.0,1.28579632
0,DMSO,g0_m5,20.0,1.42217854
0,DMSO,g0_m6,20.0,2.65078122
0,DMSO,g0_m7,20.0,1.50429115
0,DMSO,g0_m8,20.0,1.84281121
0,DMSO,g0_m0,23.0,2.53267206
0,DMSO,g0_m1,23.0,1.80630207
0,DMSO,g0_m2,23.0,1.47024876
0,DMSO,g0_m3,23.0,1.47068279
0,DMSO,g0_m4,23.0,1.50584754
0,DMSO,g0_m5,23.0,1.46952073
0,DMSO,g0_m6,23.0,2.95466346
0,DMSO,g0_m7,23.0,1.56660403
0,DMSO,g0_m8,23.0,1.87154018
0,DMSO,g0_m0,27.0,2.50585495
0,DMSO,g0_m1,27.0,2.29564097
0,DMSO,g0_m2,27.0,1.5340476
0,DMSO,g0_m3,27.0,1.89095899
0,DMSO,g0_m4,27.0,1.58089557
0,DMSO,g0_m5,27.0,1.6189532
0,DMSO,g0_m6,27.0,3.25516453
0,DMSO,g0_m7,27.0,1.99708176
0,DMSO,g0_m8,27.0,1.88637946
0,DMSO,g0_m0,30.0,2.46700643
0,DMSO,g0_m1,30.0,2.79736778
0,DMSO,g0_m2,30.0,1.73989442
0,DMSO,g0_m3,30.0,1.94290403
0,DMSO,g0_m4,30.0,1.69613898
0,DMSO,g0_m5,30.0,1.6707252
0,DMSO,g0_m6,30.0,3.29124804
0,DMSO,g0_m7,30.0,2.15032153
0,DMSO,g0_m8,30.0,2.1779897
0,DMSO,g0_m0,34.0,2.48105252
0,DMSO,g0_m1,34.0,2.79590056
0,DMSO,g0_m2,34.0,1.95768052
0,DMSO,g0_m3,34.0,2.07267169
0,DMSO,g0_m4,34.0,1.70452704
0,DMSO,g0_m5,34.0,1.78961112
0,DMSO,g0_m6,34.0,3.31038469
0,DMSO,g0_m7,34.0,2.42397386
0,DMSO,g0_m8,34.0,2.54951832
0,DMSO,g0_m0,37.0,2.51905403
0,DMSO,g0_m1,37.0,2.81130066
0,DMSO,g0_m2,37.0,1.97111338
0,DMSO,g0_m3,37.0,2.11461535
0,DMSO,g0_m4,37.0,1.91680639
0,DMSO,g0_m5,37.0,1.83343677
0,DMSO,g0_m6,37.0,3.95781799
0,DMSO,g0_m7,37.0,2.87667932
0,DMSO,g0_m8,37.0,2.62774254
1,YAP/TEAD-i,g1_m0,0.0,0.0
1,YAP/TEAD-i,g1_m1,0.0,0.0
1,YAP/TEAD-i,g1_m2,0.0,0.0
1,YAP/TEAD-i,g1_m3,0.0,0.0
1,YAP/TEAD-i,g1_m4,0.0,0.0
1,YAP/TEAD-i,g1_m5,0.0,0.0
1,YAP/TEAD-i,g1_m6,0.0,0.0
1,YAP/TEAD-i,g1_m7,0.0,0.0
1,YAP/TEAD-i,g1_m0,2.0,0.40915814
1,YAP/TEAD-i,g1_m1,2.0,0.47198769
1,YAP/TEAD-i,g1_m2,2.0,0.02654211
1,YAP/TEAD-i,g1_m3,2.0,0.2906881
1,YAP/TEAD-i,g1_m4,2.0,-0.1920327
1,YAP/TEAD-i,g1_m5,2.0,0.1105765
1,YAP/TEAD-i,g1_m6,2.0,-0.0551273
1,YAP/TEAD-i,g1_m7,2.0,0.07676722
1,YAP/TEAD-i,g1_m0,6.0,0.4588784
1,YAP/TEAD-i,g1_m1,6.0,0.76561182
1,YAP/TEAD-i,g1_m2,6.0,0.53013193
1,YAP/TEAD-i,g1_m3,6.0,0.34315911
1,YAP/TEAD-i,g1_m4,6.0,-0.0077787
1,YAP/TEAD-i,g1_m5,6.0,0.65855923
1,YAP/TEAD-i,g1_m6,6.0,-0.1988009
1,YAP/TEAD-i,g1_m7,6.0,0.44985989
1,YAP/TEAD-i,g1_m0,9.0,0.87932561
1,YAP/TEAD-i,g1_m1,9.0,0.9974982
1,YAP/TEAD-i,g1_m2,9.0,0.60864844
1,YAP/TEAD-i,g1_m3,9.0,0.52242342
1,YAP/TEAD-i,g1_m4,9.0,-0.3277274
1,YAP/TEAD-i,g1_m5,9.0,0.53291497
1,YAP/TEAD-i,g1_m6,9.0,0.26768399
1,YAP/TEAD-i,g1_m7,9.0,0.81056538
1,YAP/TEAD-i,g1_m0,12.0,1.16093027
1,YAP/TEAD-i,g1_m1,12.0,1.33089963
1,YAP/TEAD-i,g1_m2,12.0,0.54534958
1,YAP/TEAD-i,g1_m3,12.0,0.52302828
1,YAP/TEAD-i,g1_m4,12.0,0.20583339
1,YAP/TEAD-i,g1_m5,12.0,0.67319089
1,YAP/TEAD-i,g1_m6,12.0,0.440135
1,YAP/TEAD-i,g1_m7,12.0,0.65382062
1,YAP/TEAD-i,g1_m0,16.0,1.18963569
1,YAP/TEAD-i,g1_m1,16.0,1.23457191
1,YAP/TEAD-i,g1_m2,16.0,0.51484138
1,YAP/TEAD-i,g1_m3,16.0,0.61361257
1,YAP/TEAD-i,g1_m4,16.0,0.21775785
1,YAP/TEAD-i,g1_m5,16.0,0.92810922
1,YAP/TEAD-i,g1_m6,16.0,0.62670994
1,YAP/TEAD-i,g1_m7,16.0,1.09191435
1,YAP/TEAD-i,g1_m0,20.0,1.42787446
1,YAP/TEAD-i,g1_m1,20.0,1.48652226
1,YAP/TEAD-i,g1_m2,20.0,0.95713918
1,YAP/TEAD-i,g1_m3,20.0,0.65037814
1,YAP/TEAD-i,g1_m4,20.0,0.3170165
1,YAP/TEAD-i,g1_m5,20.0,1.45965112
1,YAP/TEAD-i,g1_m6,20.0,1.02430489
1,YAP/TEAD-i,g1_m7,20.0,1.39106387
1,YAP/TEAD-i,g1_m0,23.0,1.43019473
1,YAP/TEAD-i,g1_m1,23.0,1.80601546
1,YAP/TEAD-i,g1_m2,23.0,1.45535308
1,YAP/TEAD-i,g1_m3,23.0,0.84010764
1,YAP/TEAD-i,g1_m4,23.0,0.02343961
1,YAP/TEAD-i,g1_m5,23.0,1.26344244
1,YAP/TEAD-i,g1_m6,23.0,0.75468731
1,YAP/TEAD-i,g1_m7,23.0,1.86588422
1,YAP/TEAD-i,g1_m0,27.0,1.52600259
1,YAP/TEAD-i,g1_m1,27.0,2.08088845
1,YAP/TEAD-i,g1_m2,27.0,2.24940761
1,YAP/TEAD-i,g1_m3,27.0,1.51779761
1,YAP/TEAD-i,g1_m4,27.0,0.53824279
1,YAP/TEAD-i,g1_m5,27.0,1.42332771
1,YAP/TEAD-i,g1_m6,27.0,1.11745727
1,YAP/TEAD-i,g1_m7,27.0,1.78965807
1,YAP/TEAD-i,g1_m0,30.0,1.77100326
1,YAP/TEAD-i,g1_m1,30.0,2.49889473
1,YAP/TEAD-i,g1_m2,30.0,2.4052571
1,YAP/TEAD-i,g1_m3,30.0,1.63350472
1,YAP/TEAD-i,g1_m4,30.0,0.664817
1,YAP/TEAD-i,g1_m5,30.0,1.58891161
1,YAP/TEAD-i,g1_m6,30.0,1.46845168
1,YAP/TEAD-i,g1_m7,30.0,1.76439537
1,YAP/TEAD-i,g1_m0,34.0,1.99620076
1,YAP/TEAD-i,g1_m1,34.0,2.70317438
1,YAP/TEAD-i,g1_m2,34.0,2.42319265
1,YAP/TEAD-i,g1_m3,34.0,1.89704093
1,YAP/TEAD-i,g1_m4,34.0,1.28576225
1,YAP/TEAD-i,g1_m5,34.0,1.73451318
1,YAP/TEAD-i,g1_m6,34.0,1.49192684
1,YAP/TEAD-i,g1_m7,34.0,2.08064169
1,YAP/TEAD-i,g1_m0,37.0,2.30310782
1,YAP/TEAD-i,g1_m1,37.0,2.9298094
1,YAP/TEAD-i,g1_m2,37.0,2.45367409
1,YAP/TEAD-i,g1_m3,37.0,1.81658202
1,YAP/TEAD-i,g1_m4,37.0,1.6011963
1,YAP/TEAD-i,g1_m5,37.0,1.88840417
1,YAP/TEAD-i,g1_m6,37.0,1.45046628
1,YAP/TEAD-i,g1_m7,37.0,2.10570663
2,HIF2a-i (FULL),g2_m0,0.0,0.0
2,HIF2a-i (FULL),g2_m1,0.0,0.0
2,HIF2a-i (FULL),g2_m2,0.0,0.0
2,HIF2a-i (FULL),g2_m3,0.0,0.0
2,HIF2a-i (FULL),g2_m4,0.0,0.0
2,HIF2a-i (FULL),g2_m5,0.0,0.0
2,HIF2a-i (FULL),g2_m6,0.0,0.0
2,HIF2a-i (FULL),g2_m0,2.0,0.55427055
2,HIF2a-i (FULL),g2_m1,2.0,0.13335893
2,HIF2a-i (FULL),g2_m2,2.0,-0.1800032
2,HIF2a-i (FULL),g2_m3,2.0,0.35863363
2,HIF2a-i (FULL),g2_m4,2.0,0.15311114
2,HIF2a-i (FULL),g2_m5,2.0,0.1414424
2,HIF2a-i (FULL),g2_m6,2.0,0.08216037
2,HIF2a-i (FULL),g2_m0,6.0,-0.3840583
2,HIF2a-i (FULL),g2_m1,6.0,-0.4958276
2,HIF2a-i (FULL),g2_m2,6.0,-0.6929573
2,HIF2a-i (FULL),g2_m3,6.0,-0.1183405
2,HIF2a-i (FULL),g2_m4,6.0,-0.028281
2,HIF2a-i (FULL),g2_m5,6.0,-0.232837
2,HIF2a-i (FULL),g2_m6,6.0,-1.2742738
2,HIF2a-i (FULL),g2_m0,9.0,-0.5033721
2,HIF2a-i (FULL),g2_m1,9.0,-0.7886758
2,HIF2a-i (FULL),g2_m2,9.0,-0.9786924
2,HIF2a-i (FULL),g2_m3,9.0,-1.1980437
2,HIF2a-i (FULL),g2_m4,9.0,-0.42512
2,HIF2a-i (FULL),g2_m5,9.0,-0.4565929
2,HIF2a-i (FULL),g2_m6,9.0,-1.4998763
2,HIF2a-i (FULL),g2_m0,12.0,-0.712557
2,HIF2a-i (FULL),g2_m1,12.0,-0.5329935
2,HIF2a-i (FULL),g2_m2,12.0,-1.2919912
2,HIF2a-i (FULL),g2_m3,12.0,-1.2277699
2,HIF2a-i (FULL),g2_m4,12.0,-0.5321277
2,HIF2a-i (FULL),g2_m5,12.0,-0.4337401
2,HIF2a-i (FULL),g2_m6,12.0,-1.3745539
2,HIF2a-i (FULL),g2_m0,16.0,-0.6068893
2,HIF2a-i (FULL),g2_m1,16.0,-0.6878744
2,HIF2a-i (FULL),g2_m2,16.0,-1.4375772
2,HIF2a-i (FULL),g2_m3,16.0,-1.0448582
2,HIF2a-i (FULL),g2_m4,16.0,-0.6268652
2,HIF2a-i (FULL),g2_m5,16.0,-0.5329339
2,HIF2a-i (FULL),g2_m6,16.0,-1.4420899
2,HIF2a-i (FULL),g2_m0,20.0,-0.7203325
2,HIF2a-i (FULL),g2_m1,20.0,-0.5388265
2,HIF2a-i (FULL),g2_m2,20.0,-0.8960451
2,HIF2a-i (FULL),g2_m3,20.0,-0.5932084
2,HIF2a-i (FULL),g2_m4,20.0,-1.112075
2,HIF2a-i (FULL),g2_m5,20.0,-0.3764456
2,HIF2a-i (FULL),g2_m6,20.0,-1.1238648
2,HIF2a-i (FULL),g2_m0,23.0,-0.7995233
2,HIF2a-i (FULL),g2_m1,23.0,-0.2031532
2,HIF2a-i (FULL),g2_m2,23.0,-0.8034862
2,HIF2a-i (FULL),g2_m3,23.0,-0.4956361
2,HIF2a-i (FULL),g2_m4,23.0,-0.501207
2,HIF2a-i (FULL),g2_m5,23.0,-0.1944719
2,HIF2a-i (FULL),g2_m6,23.0,-1.2024979
2,HIF2a-i (FULL),g2_m0,27.0,-0.145898
2,HIF2a-i (FULL),g2_m1,27.0,-0.1910583
2,HIF2a-i (FULL),g2_m2,27.0,-0.4717059
2,HIF2a-i (FULL),g2_m3,27.0,0.11009232
2,HIF2a-i (FULL),g2_m4,27.0,-0.4661354
2,HIF2a-i (FULL),g2_m5,27.0,0.37658105
2,HIF2a-i (FULL),g2_m6,27.0,-0.6679262
2,HIF2a-i (FULL),g2_m0,30.0,0.25367863
2,HIF2a-i (FULL),g2_m1,30.0,0.40708612
2,HIF2a-i (FULL),g2_m2,30.0,-0.5736691
2,HIF2a-i (FULL),g2_m3,30.0,0.492647
2,HIF2a-i (FULL),g2_m4,30.0,-0.0602855
2,HIF2a-i (FULL),g2_m5,30.0,0.66188604
2,HIF2a-i (FULL),g2_m6,30.0,-0.3173466
2,HIF2a-i (FULL),g2_m0,34.0,0.92445187
2,HIF2a-i (FULL),g2_m1,34.0,1.14863197
2,HIF2a-i (FULL),g2_m2,34.0,-0.5543529
2,HIF2a-i (FULL),g2_m3,34.0,0.84170615
2,HIF2a-i (FULL),g2_m4,34.0,0.1409261
2,HIF2a-i (FULL),g2_m5,34.0,0.89977978
2,HIF2a-i (FULL),g2_m6,34.0,-0.2392277
2,HIF2a-i (FULL),g2_m0,37.0,0.87494453
2,HIF2a-i (FULL),g2_m1,37.0,1.14889577
2,HIF2a-i (FULL),g2_m2,37.0,-0.3728567
2,HIF2a-i (FULL),g2_m3,37.0,0.72151452
2,HIF2a-i (FULL),g2_m4,37.0,0.339288
2,HIF2a-i (FULL),g2_m5,37.0,1.05077314
2,HIF2a-i (FULL),g2_m6,37.0,-0.4059875
2,HIF2a-i (FULL),g2_m0,41.0,1.54400119
2,HIF2a-i (FULL),g2_m1,41.0,1.2596681
2,HIF2a-i (FULL),g2_m2,41.0,0.87992385
2,HIF2a-i (FULL),g2_m3,41.0,0.87190068
2,HIF2a-i (FULL),g2_m4,41.0,0.74390324
2,HIF2a-i (FULL),g2_m5,41.0,1.53565737
2,HIF2a-i (FULL),g2_m6,41.0,0.23235108
2,HIF2a-i (FULL),g2_m0,44.0,1.61877738
2,HIF2a-i (FULL),g2_m1,44.0,1.29970118
2,HIF2a-i (FULL),g2_m2,44.0,1.0650737
2,HIF2a-i (FULL),g2_m3,44.0,1.21273134
2,HIF2a-i (FULL),g2_m4,44.0,0.75974625
2,HIF2a-i (FULL),g2_m5,44.0,1.61595404
2,HIF2a-i (FULL),g2_m6,44.0,0.49544019
2,HIF2a-i (FULL),g2_m0,48.0,1.92682541
2,HIF2a-i (FULL),g2_m1,48.0,1.5400242
2,HIF2a-i (FULL),g2_m2,48.0,1.11761653
2,HIF2a-i (FULL),g2_m3,48.0,1.5915771
2,HIF2a-i (FULL),g2_m4,48.0,1.05875381
2,HIF2a-i (FULL),g2_m5,48.0,1.7787202
2,HIF2a-i (FULL),g2_m6,48.0,0.8371512
2,HIF2a-i (FULL),g2_m0,51.0,2.40683711
2,HIF2a-i (FULL),g2_m1,51.0,1.62449327
2,HIF2a-i (FULL),g2_m3,51.0,1.90569945
2,HIF2a-i (FULL),g2_m4,51.0,1.50902658
2,HIF2a-i (FULL),g2_m5,51.0,2.06229486
2,HIF2a-i (FULL),g2_m6,51.0,1.00964602
3,YAP/TEAD-i + HIF2A-i (FULL),g3_m0,0.0,0.0
3,YAP/TEAD-i + HIF2A-i (FULL),g3_m1,0.0,0.0
3,YAP/TEAD-i + HIF2A-i (FULL),g3_m2,0.0,0.0
3,YAP/TEAD-i + HIF2A-i (FULL),g3_m3,0.0,0.0
3,YAP/TEAD-i + HIF2A-i (FULL),g3_m4,0.0,0.0
3,YAP/TEAD-i + HIF2A-i (FULL),g3_m5,0.0,0.0
3,YAP/TEAD-i + HIF2A-i (FULL),g3_m6,0.0,0.0
3,YAP/TEAD-i + HIF2A-i (FULL),g3_m7,0.0,0.0
3,YAP/TEAD-i + HIF2A-i (FULL),g3_m0,2.0,0.9150523
3,YAP/TEAD-i + HIF2A-i (FULL),g3_m1,2.0,0.40213672
3,YAP/TEAD-i + HIF2A-i (FULL),g3_m2,2.0,-0.101516
3,YAP/TEAD-i + HIF2A-i (FULL),g3_m3,2.0,-0.1050119
3,YAP/TEAD-i + HIF2A-i (FULL),g3_m4,2.0,-0.1618174
3,YAP/TEAD-i + HIF2A-i (FULL),g3_m5,2.0,-1.511378
3,YAP/TEAD-i + HIF2A-i (FULL),g3_m6,2.0,-0.3625343
3,YAP/TEAD-i + HIF2A-i (FULL),g3_m7,2.0,-0.2424958
3,YAP/TEAD-i + HIF2A-i (FULL),g3_m0,6.0,0.25973649
3,YAP/TEAD-i + HIF2A-i (FULL),g3_m1,6.0,-0.0640307
3,YAP/TEAD-i + HIF2A-i (FULL),g3_m2,6.0,-0.6458804
3,YAP/TEAD-i + HIF2A-i (FULL),g3_m3,6.0,-0.1186192
3,YAP/TEAD-i + HIF2A-i (FULL),g3_m4,6.0,-0.5095974
3,YAP/TEAD-i + HIF2A-i (FULL),g3_m5,6.0,-1.7634101
3,YAP/TEAD-i + HIF2A-i (FULL),g3_m6,6.0,-0.5197323
3,YAP/TEAD-i + HIF2A-i (FULL),g3_m7,6.0,-0.2964482
3,YAP/TEAD-i + HIF2A-i (FULL),g3_m0,9.0,-0.3817614
3,YAP/TEAD-i + HIF2A-i (FULL),g3_m1,9.0,-0.7621235
3,YAP/TEAD-i + HIF2A-i (FULL),g3_m2,9.0,-0.6866482
3,YAP/TEAD-i + HIF2A-i (FULL),g3_m3,9.0,-0.3861443
3,YAP/TEAD-i + HIF2A-i (FULL),g3_m4,9.0,-0.7499922
3,YAP/TEAD-i + HIF2A-i (FULL),g3_m5,9.0,-1.8077603
3,YAP/TEAD-i + HIF2A-i (FULL),g3_m6,9.0,-0.8222521
3,YAP/TEAD-i + HIF2A-i (FULL),g3_m7,9.0,-0.9950752
3,YAP/TEAD-i + HIF2A-i (FULL),g3_m0,12.0,-0.5520851
3,YAP/TEAD-i + HIF2A-i (FULL),g3_m1,12.0,-2.6787437
3,YAP/TEAD-i + HIF2A-i (FULL),g3_m2,12.0,-0.7156472
3,YAP/TEAD-i + HIF2A-i (FULL),g3_m3,12.0,-0.9042702
3,YAP/TEAD-i + HIF2A-i (FULL),g3_m4,12.0,-1.142036
3,YAP/TEAD-i + HIF2A-i (FULL),g3_m5,12.0,-3.3879404
3,YAP/TEAD-i + HIF2A-i (FULL),g3_m6,12.0,-1.3781682
3,YAP/TEAD-i + HIF2A-i (FULL),g3_m7,12.0,-1.1040805
3,YAP/TEAD-i + HIF2A-i (FULL),g3_m0,16.0,-0.4121602
3,YAP/TEAD-i + HIF2A-i (FULL),g3_m1,16.0,-2.1248347
3,YAP/TEAD-i + HIF2A-i (FULL),g3_m2,16.0,-0.8987085
3,YAP/TEAD-i + HIF2A-i (FULL),g3_m3,16.0,-1.5065856
3,YAP/TEAD-i + HIF2A-i (FULL),g3_m4,16.0,-1.1710965
3,YAP/TEAD-i + HIF2A-i (FULL),g3_m5,16.0,-3.2510304
3,YAP/TEAD-i + HIF2A-i (FULL),g3_m6,16.0,-1.2916682
3,YAP/TEAD-i + HIF2A-i (FULL),g3_m7,16.0,-1.4872523
3,YAP/TEAD-i + HIF2A-i (FULL),g3_m0,20.0,-0.2364996
3,YAP/TEAD-i + HIF2A-i (FULL),g3_m1,20.0,-0.8586285
3,YAP/TEAD-i + HIF2A-i (FULL),g3_m2,20.0,-1.440581
3,YAP/TEAD-i + HIF2A-i (FULL),g3_m3,20.0,-1.7268368
3,YAP/TEAD-i + HIF2A-i (FULL),g3_m4,20.0,-1.1137057
3,YAP/TEAD-i + HIF2A-i (FULL),g3_m5,20.0,-3.1142912
3,YAP/TEAD-i + HIF2A-i (FULL),g3_m6,20.0,-1.4845996
3,YAP/TEAD-i + HIF2A-i (FULL),g3_m7,20.0,-1.2337691
3,YAP/TEAD-i + HIF2A-i (FULL),g3_m0,23.0,-0.2179903
3,YAP/TEAD-i + HIF2A-i (FULL),g3_m1,23.0,-0.4334139
3,YAP/TEAD-i + HIF2A-i (FULL),g3_m2,23.0,-1.4490497
3,YAP/TEAD-i + HIF2A-i (FULL),g3_m3,23.0,-1.64724
3,YAP/TEAD-i + HIF2A-i (FULL),g3_m4,23.0,-0.9998391
3,YAP/TEAD-i + HIF2A-i (FULL),g3_m5,23.0,-2.7274025
3,YAP/TEAD-i + HIF2A-i (FULL),g3_m6,23.0,-1.9365569
3,YAP/TEAD-i + HIF2A-i (FULL),g3_m7,23.0,-1.2060691
3,YAP/TEAD-i + HIF2A-i (FULL),g3_m1,27.0,-1.4198224
3,YAP/TEAD-i + HIF2A-i (FULL),g3_m4,27.0,-0.9433147
3,YAP/TEAD-i + HIF2A-i (FULL),g3_m5,27.0,-2.7488944
3,YAP/TEAD-i + HIF2A-i (FULL),g3_m6,27.0,-1.1532018
3,YAP/TEAD-i + HIF2A-i (FULL),g3_m7,27.0,-0.8661444
3,YAP/TEAD-i + HIF2A-i (FULL),g3_m0,30.0,-0.3477696
3,YAP/TEAD-i + HIF2A-i (FULL),g3_m1,30.0,-1.2084977
3,YAP/TEAD-i + HIF2A-i (FULL),g3_m4,30.0,-0.5200422
3,YAP/TEAD-i + HIF2A-i (FULL),g3_m5,30.0,-2.7614304
3,YAP/TEAD-i + HIF2A-i (FULL),g3_m6,30.0,-0.3880215
3,YAP/TEAD-i + HIF2A-i (FULL),g3_m7,30.0,-0.6142012
3,YAP/TEAD-i + HIF2A-i (FULL),g3_m0,34.0,0.20068739
3,YAP/TEAD-i + HIF2A-i (FULL),g3_m1,34.0,-0.9159775
3,YAP/TEAD-i + HIF2A-i (FULL),g3_m4,34.0,-0.2908532
3,YAP/TEAD-i + HIF2A-i (FULL),g3_m5,34.0,-1.3915012
3,YAP/TEAD-i + HIF2A-i (FULL),g3_m6,34.0,-0.6312979
3,YAP/TEAD-i + HIF2A-i (FULL),g3_m7,34.0,-0.5813009
3,YAP/TEAD-i + HIF2A-i (FULL),g3_m4,37.0,0.03441359
3,YAP/TEAD-i + HIF2A-i (FULL),g3_m5,37.0,-0.8646251
3,YAP/TEAD-i + HIF2A-i (FULL),g3_m6,37.0,-0.6182302
3,YAP/TEAD-i + HIF2A-i (FULL),g3_m7,37.0,-0.2973192
3,YAP/TEAD-i + HIF2A-i (FULL),g3_m4,41.0,0.35084687
3,YAP/TEAD-i + HIF2A-i (FULL),g3_m5,41.0,-0.4684336
3,YAP/TEAD-i + HIF2A-i (FULL),g3_m6,41.0,-0.4238703
3,YAP/TEAD-i + HIF2A-i (FULL),g3_m7,41.0,-0.3851955
3,YAP/TEAD-i + HIF2A-i (FULL),g3_m4,44.0,0.65656891
3,YAP/TEAD-i + HIF2A-i (FULL),g3_m5,44.0,-1.2127034
3,YAP/TEAD-i + HIF2A-i (FULL),g3_m6,44.0,-0.0477125
3,YAP/TEAD-i + HIF2A-i (FULL),g3_m7,44.0,-0.3178091
3,YAP/TEAD-i + HIF2A-i (FULL),g3_m4,48.0,0.8678909
3,YAP/TEAD-i + HIF2A-i (FULL),g3_m5,48.0,-0.6171813
3,YAP/TEAD-i + HIF2A-i (FULL),g3_m6,48.0,0.30571296
3,YAP/TEAD-i + HIF2A-i (FULL),g3_m7,48.0,-0.2475116
3,YAP/TEAD-i + HIF2A-i (FULL),g3_m4,51.0,1.02563639
3,YAP/TEAD-i + HIF2A-i (FULL),g3_m5,51.0,0.3352234
3,YAP/TEAD-i + HIF2A-i (FULL),g3_m6,51.0,0.67298308
3,YAP/TEAD-i + HIF2A-i (FULL),g3_m7,51.0,0.11689902
4,shYT + DMSO,g4_m0,0.0,0.0
4,shYT + DMSO,g4_m1,0.0,0.0
4,shYT + DMSO,g4_m2,0.0,0.0
4,shYT + DMSO,g4_m3,0.0,0.0
4,shYT + DMSO,g4_m4,0.0,0.0
4,shYT + DMSO,g4_m5,0.0,0.0
4,shYT + DMSO,g4_m6,0.0,0.0
4,shYT + DMSO,g4_m7,0.0,0.0
4,shYT + DMSO,g4_m8,0.0,0.0
4,shYT + DMSO,g4_m9,0.0,0.0
4,shYT + DMSO,g4_m10,0.0,0.0
4,shYT + DMSO,g4_m11,0.0,0.0
4,shYT + DMSO,g4_m0,2.0,0.38645321
4,shYT + DMSO,g4_m1,2.0,0.60394226
4,shYT + DMSO,g4_m2,2.0,0.26060395
4,shYT + DMSO,g4_m3,2.0,0.03920275
4,shYT + DMSO,g4_m4,2.0,0.08484944
4,shYT + DMSO,g4_m5,2.0,-0.1288783
4,shYT + DMSO,g4_m6,2.0,0.08453132
4,shYT + DMSO,g4_m7,2.0,0.10116566
4,shYT + DMSO,g4_m8,2.0,-0.1944426
4,shYT + DMSO,g4_m9,2.0,0.02577157
4,shYT + DMSO,g4_m10,2.0,0.45795921
4,shYT + DMSO,g4_m11,2.0,0.34255422
4,shYT + DMSO,g4_m0,6.0,-0.2003221
4,shYT + DMSO,g4_m1,6.0,0.23079425
4,shYT + DMSO,g4_m2,6.0,0.2624381
4,shYT + DMSO,g4_m3,6.0,0.03558372
4,shYT + DMSO,g4_m4,6.0,0.30126581
4,shYT + DMSO,g4_m5,6.0,-0.0927178
4,shYT + DMSO,g4_m6,6.0,0.29862381
4,shYT + DMSO,g4_m7,6.0,0.62859724
4,shYT + DMSO,g4_m8,6.0,-0.9459543
4,shYT + DMSO,g4_m9,6.0,0.0575117
4,shYT + DMSO,g4_m10,6.0,0.21447185
4,shYT + DMSO,g4_m11,6.0,-0.0965893
4,shYT + DMSO,g4_m0,9.0,-0.1829641
4,shYT + DMSO,g4_m1,9.0,0.35863078
4,shYT + DMSO,g4_m2,9.0,0.57483406
4,shYT + DMSO,g4_m3,9.0,-0.1936859
4,shYT + DMSO,g4_m4,9.0,0.33593465
4,shYT + DMSO,g4_m5,9.0,0.06618313
4,shYT + DMSO,g4_m6,9.0,0.66349026
4,shYT + DMSO,g4_m7,9.0,0.93840704
4,shYT + DMSO,g4_m8,9.0,-0.6566208
4,shYT + DMSO,g4_m9,9.0,0.04418749
4,shYT + DMSO,g4_m10,9.0,0.70889765
4,shYT + DMSO,g4_m11,9.0,0.37166313
4,shYT + DMSO,g4_m0,12.0,-0.0798297
4,shYT + DMSO,g4_m1,12.0,0.13834141
4,shYT + DMSO,g4_m2,12.0,0.55996059
4,shYT + DMSO,g4_m3,12.0,-0.032694
4,shYT + DMSO,g4_m4,12.0,0.41714651
4,shYT + DMSO,g4_m5,12.0,-0.2257807
4,shYT + DMSO,g4_m6,12.0,0.61171776
4,shYT + DMSO,g4_m7,12.0,1.01077667
4,shYT + DMSO,g4_m8,12.0,-0.0128253
4,shYT + DMSO,g4_m9,12.0,0.50925428
4,shYT + DMSO,g4_m10,12.0,0.26407824
4,shYT + DMSO,g4_m11,12.0,0.49337439
4,shYT + DMSO,g4_m0,16.0,-0.674141
4,shYT + DMSO,g4_m1,16.0,0.70353363
4,shYT + DMSO,g4_m2,16.0,-0.0073914
4,shYT + DMSO,g4_m3,16.0,0.11037858
4,shYT + DMSO,g4_m4,16.0,0.32358268
4,shYT + DMSO,g4_m5,16.0,0.1112569
4,shYT + DMSO,g4_m6,16.0,0.76605925
4,shYT + DMSO,g4_m7,16.0,0.88455928
4,shYT + DMSO,g4_m8,16.0,-0.0734682
4,shYT + DMSO,g4_m9,16.0,0.27759008
4,shYT + DMSO,g4_m10,16.0,0.67797993
4,shYT + DMSO,g4_m11,16.0,0.6319963
4,shYT + DMSO,g4_m0,20.0,-0.9801649
4,shYT + DMSO,g4_m1,20.0,1.49042486
4,shYT + DMSO,g4_m2,20.0,0.51997975
4,shYT + DMSO,g4_m3,20.0,0.54242991
4,shYT + DMSO,g4_m4,20.0,1.13172385
4,shYT + DMSO,g4_m5,20.0,0.68802145
4,shYT + DMSO,g4_m6,20.0,0.99871633
4,shYT + DMSO,g4_m7,20.0,1.07093945
4,shYT + DMSO,g4_m8,20.0,-0.1261147
4,shYT + DMSO,g4_m9,20.0,0.41868784
4,shYT + DMSO,g4_m10,20.0,0.94148806
4,shYT + DMSO,g4_m11,20.0,0.76585046
4,shYT + DMSO,g4_m0,23.0,-0.6735843
4,shYT + DMSO,g4_m1,23.0,1.92461285
4,shYT + DMSO,g4_m2,23.0,0.30180332
4,shYT + DMSO,g4_m3,23.0,0.67390092
4,shYT + DMSO,g4_m4,23.0,1.20073558
4,shYT + DMSO,g4_m5,23.0,1.03683541
4,shYT + DMSO,g4_m6,23.0,0.96244382
4,shYT + DMSO,g4_m7,23.0,1.23628887
4,shYT + DMSO,g4_m8,23.0,-0.0449033
4,shYT + DMSO,g4_m9,23.0,0.55265435
4,shYT + DMSO,g4_m10,23.0,0.78776741
4,shYT + DMSO,g4_m11,23.0,1.06655833
4,shYT + DMSO,g4_m0,27.0,-0.5247492
4,shYT + DMSO,g4_m1,27.0,1.8804337
4,shYT + DMSO,g4_m2,27.0,0.60896091
4,shYT + DMSO,g4_m3,27.0,0.85347613
4,shYT + DMSO,g4_m4,27.0,1.83238766
4,shYT + DMSO,g4_m5,27.0,1.23159515
4,shYT + DMSO,g4_m6,27.0,1.27137024
4,shYT + DMSO,g4_m7,27.0,1.28395476
4,shYT + DMSO,g4_m8,27.0,0.27477234
4,shYT + DMSO,g4_m9,27.0,1.2110178
4,shYT + DMSO,g4_m10,27.0,1.09490626
4,shYT + DMSO,g4_m11,27.0,1.45409514
4,shYT + DMSO,g4_m0,30.0,0.6777336
4,shYT + DMSO,g4_m1,30.0,2.35971036
4,shYT + DMSO,g4_m2,30.0,0.74176587
4,shYT + DMSO,g4_m3,30.0,1.04866836
4,shYT + DMSO,g4_m4,30.0,1.89657073
4,shYT + DMSO,g4_m5,30.0,1.26987973
4,shYT + DMSO,g4_m6,30.0,1.304947
4,shYT + DMSO,g4_m7,30.0,2.02273501
4,shYT + DMSO,g4_m8,30.0,0.41599075
4,shYT + DMSO,g4_m9,30.0,1.11673093
4,shYT + DMSO,g4_m10,30.0,1.8479443
4,shYT + DMSO,g4_m11,30.0,1.30422957
4,shYT + DMSO,g4_m0,34.0,0.42386718
4,shYT + DMSO,g4_m1,34.0,2.42070107
4,shYT + DMSO,g4_m2,34.0,0.84086603
4,shYT + DMSO,g4_m3,34.0,1.25063885
4,shYT + DMSO,g4_m4,34.0,2.06949924
4,shYT + DMSO,g4_m5,34.0,1.45183769
4,shYT + DMSO,g4_m6,34.0,1.25877801
4,shYT + DMSO,g4_m7,34.0,2.29457941
4,shYT + DMSO,g4_m8,34.0,0.69291418
4,shYT + DMSO,g4_m9,34.0,1.79645904
4,shYT + DMSO,g4_m10,34.0,2.10692416
4,shYT + DMSO,g4_m11,34.0,1.69027715
4,shYT + DMSO,g4_m0,37.0,0.89302443
4,shYT + DMSO,g4_m1,37.0,2.74763355
4,shYT + DMSO,g4_m2,37.0,1.16607808
4,shYT + DMSO,g4_m3,37.0,1.85179174
4,shYT + DMSO,g4_m4,37.0,2.30126628
4,shYT + DMSO,g4_m5,37.0,1.56811469
4,shYT + DMSO,g4_m6,37.0,1.26766529
4,shYT + DMSO,g4_m7,37.0,2.48865444
4,shYT + DMSO,g4_m8,37.0,0.86478942
4,shYT + DMSO,g4_m9,37.0,1.91210478
4,shYT + DMSO,g4_m10,37.0,2.20681551
4,shYT + DMSO,g4_m11,37.0,2.02935574
5,shYT + HIF2α-i,g5_m0,0.0,0.0
5,shYT + HIF2α-i,g5_m1,0.0,0.0
5,shYT + HIF2α-i,g5_m2,0.0,0.0
5,shYT + HIF2α-i,g5_m3,0.0,0.0
5,shYT + HIF2α-i,g5_m4,0.0,0.0
5,shYT + HIF2α-i,g5_m5,0.0,0.0
5,shYT + HIF2α-i,g5_m6,0.0,0.0
5,shYT + HIF2α-i,g5_m0,2.0,0.1533636
5,shYT + HIF2α-i,g5_m1,2.0,-1.0085848
5,shYT + HIF2α-i,g5_m2,2.0,-0.1849948
5,shYT + HIF2α-i,g5_m3,2.0,-0.1017547
5,shYT + HIF2α-i,g5_m4,2.0,0.47317338
5,shYT + HIF2α-i,g5_m5,2.0,0.2514572
5,shYT + HIF2α-i,g5_m6,2.0,0.16127347
5,shYT + HIF2α-i,g5_m0,6.0,-0.3734923
5,shYT + HIF2α-i,g5_m1,6.0,-0.9655437
5,shYT + HIF2α-i,g5_m2,6.0,-0.463477
5,shYT + HIF2α-i,g5_m3,6.0,-0.5369937
5,shYT + HIF2α-i,g5_m4,6.0,-0.1583198
5,shYT + HIF2α-i,g5_m5,6.0,-0.1919711
5,shYT + HIF2α-i,g5_m6,6.0,-0.7811931
5,shYT + HIF2α-i,g5_m0,9.0,-0.2655335
5,shYT + HIF2α-i,g5_m1,9.0,-1.6399259
5,shYT + HIF2α-i,g5_m2,9.0,-0.7529151
5,shYT + HIF2α-i,g5_m3,9.0,-0.7223129
5,shYT + HIF2α-i,g5_m4,9.0,-0.1585159
5,shYT + HIF2α-i,g5_m5,9.0,-0.2936142
5,shYT + HIF2α-i,g5_m6,9.0,-1.2025498
5,shYT + HIF2α-i,g5_m0,12.0,-0.4817172
5,shYT + HIF2α-i,g5_m1,12.0,-1.68282
5,shYT + HIF2α-i,g5_m2,12.0,-0.7589201
5,shYT + HIF2α-i,g5_m3,12.0,-0.9570242
5,shYT + HIF2α-i,g5_m4,12.0,-0.107415
5,shYT + HIF2α-i,g5_m5,12.0,-0.2528137
5,shYT + HIF2α-i,g5_m6,12.0,-1.1147882
5,shYT + HIF2α-i,g5_m0,16.0,-1.1893194
5,shYT + HIF2α-i,g5_m1,16.0,-1.7437007
5,shYT + HIF2α-i,g5_m2,16.0,-0.4891821
5,shYT + HIF2α-i,g5_m3,16.0,-0.7062124
5,shYT + HIF2α-i,g5_m4,16.0,-0.4553652
5,shYT + HIF2α-i,g5_m5,16.0,0.04235133
5,shYT + HIF2α-i,g5_m6,16.0,-1.0893601
5,shYT + HIF2α-i,g5_m0,20.0,-1.6570006
5,shYT + HIF2α-i,g5_m1,20.0,-1.1729683
5,shYT + HIF2α-i,g5_m2,20.0,-0.5031177
5,shYT + HIF2α-i,g5_m3,20.0,-0.3487435
5,shYT + HIF2α-i,g5_m4,20.0,-0.4562332
5,shYT + HIF2α-i,g5_m5,20.0,0.44962989
5,shYT + HIF2α-i,g5_m6,20.0,-0.5041058
5,shYT + HIF2α-i,g5_m0,23.0,-1.2966868
5,shYT + HIF2α-i,g5_m1,23.0,-0.8811267
5,shYT + HIF2α-i,g5_m2,23.0,-0.4263778
5,shYT + HIF2α-i,g5_m3,23.0,-0.8359256
5,shYT + HIF2α-i,g5_m4,23.0,-0.4342069
5,shYT + HIF2α-i,g5_m5,23.0,0.3481199
5,shYT + HIF2α-i,g5_m6,23.0,-0.093041
5,shYT + HIF2α-i,g5_m0,27.0,-1.4909556
5,shYT + HIF2α-i,g5_m1,27.0,-0.6003443
5,shYT + HIF2α-i,g5_m2,27.0,0.11328109
5,shYT + HIF2α-i,g5_m3,27.0,-0.2328401
5,shYT + HIF2α-i,g5_m4,27.0,-0.0003893
5,shYT + HIF2α-i,g5_m5,27.0,0.39206325
5,shYT + HIF2α-i,g5_m6,27.0,0.00764534
5,shYT + HIF2α-i,g5_m0,30.0,-1.1109463
5,shYT + HIF2α-i,g5_m1,30.0,-0.2333483
5,shYT + HIF2α-i,g5_m2,30.0,0.22211199
5,shYT + HIF2α-i,g5_m3,30.0,-0.1715735
5,shYT + HIF2α-i,g5_m4,30.0,0.33550096
5,shYT + HIF2α-i,g5_m5,30.0,0.74571412
5,shYT + HIF2α-i,g5_m6,30.0,-0.0376381
5,shYT + HIF2α-i,g5_m0,34.0,-1.4396207
5,shYT + HIF2α-i,g5_m1,34.0,-0.1051356
5,shYT + HIF2α-i,g5_m2,34.0,0.259644
5,shYT + HIF2α-i,g5_m3,34.0,-0.0301445
5,shYT + HIF2α-i,g5_m4,34.0,0.52285765
5,shYT + HIF2α-i,g5_m5,34.0,0.75690145
5,shYT + HIF2α-i,g5_m6,34.0,0.30329431
5,shYT + HIF2α-i,g5_m0,37.0,-0.9741602
5,shYT + HIF2α-i,g5_m1,37.0,0.16068439
5,shYT + HIF2α-i,g5_m2,37.0,0.2838613
5,shYT + HIF2α-i,g5_m3,37.0,0.11897838
5,shYT + HIF2α-i,g5_m6,37.0,0.13511314
5,shYT + HIF2α-i,g5_m0,41.0,-0.6656726
5,shYT + HIF2α-i,g5_m1,41.0,0.50534917
5,shYT + HIF2α-i,g5_m2,41.0,0.53107277
5,shYT + HIF2α-i,g5_m3,41.0,0.26716746
5,shYT + HIF2α-i,g5_m6,41.0,0.18598247
5,shYT + HIF2α-i,g5_m0,44.0,-0.4363653
5,shYT + HIF2α-i,g5_m1,44.0,0.58140708
5,shYT + HIF2α-i,g5_m2,44.0,0.5386299
5,shYT + HIF2α-i,g5_m3,44.0,0.49678727
5,shYT + HIF2α-i,g5_m6,44.0,0.2229668
5,shYT + HIF2α-i,g5_m0,48.0,-0.3817996
5,shYT + HIF2α-i,g5_m1,48.0,0.8235656
5,shYT + HIF2α-i,g5_m2,48.0,0.6449399
5,shYT + HIF2α-i,g5_m3,48.0,0.64505881
5,shYT + HIF2α-i,g5_m6,48.0,0.14794019
5,shYT + HIF2α-i,g5_m0,51.0,-0.4602299
5,shYT + HIF2α-i,g5_m1,51.0,0.97621536
5,shYT + HIF2α-i,g5_m2,51.0,0.81534817
5,shYT + HIF2α-i,g5_m3,51.0,0.69008196
5,shYT + HIF2α-i,g5_m6,51.0,0.29725964
