gene	contrast	replicate	displayed_log2FC	adjusted_p
VEGFA	shYT	1	-0.9927586	1.6490649444857e-07
VEGFA	shYT	2	-1.7627709	1.6490649444857e-07
VEGFA	shYT	3	-1.7871334	1.6490649444857e-07
VEGFA	shHIF2a	1	-2.8378626	5.36348345424107e-22
VEGFA	shHIF2a	2	-2.4502131	5.36348345424107e-22
VEGFA	shHIF2a	3	-2.6254757	5.36348345424107e-22
VEGFA	shJUNs	1	-2.0533821	4.1563229405419e-11
VEGFA	shJUNs	2	-1.6507966	4.1563229405419e-11
VEGFA	shJUNs	3	-1.8006178	4.1563229405419e-11
SLC2A1	shYT	1	-1.4414966	3.42322376776371e-25
SLC2A1	shYT	2	-1.7384657	3.42322376776371e-25
SLC2A1	shYT	3	-1.9463601	3.42322376776371e-25
SLC2A1	shHIF2a	1	-2.9103624	1.22477070108581e-70
SLC2A1	shHIF2a	2	-2.8326449	1.22477070108581e-70
SLC2A1	shHIF2a	3	-2.8566521	1.22477070108581e-70
SLC2A1	shJUNs	1	-1.8589118	7.21935793698966e-31
SLC2A1	shJUNs	2	-1.8433547	7.21935793698966e-31
SLC2A1	shJUNs	3	-1.9408894	7.21935793698966e-31
MTHFD2	shYT	1	-2.222356	2.63502663198508e-14
MTHFD2	shYT	2	-1.866472	2.63502663198508e-14
MTHFD2	shYT	3	-1.3976462	2.63502663198508e-14
MTHFD2	shHIF2a	1	-1.5417311	4.84409705653849e-05
MTHFD2	shHIF2a	2	-1.0772377	4.84409705653849e-05
MTHFD2	shHIF2a	3	-0.6302911	4.84409705653849e-05
MTHFD2	shJUNs	1	-1.3184523	4.83816781450221e-06
MTHFD2	shJUNs	2	-0.9964381	4.83816781450221e-06
MTHFD2	shJUNs	3	-1.1300387	4.83816781450221e-06
CCND1	shYT	1	-2.7681912	3.11648737761259e-24
CCND1	shYT	2	-3.0353791	3.11648737761259e-24
CCND1	shYT	3	-2.4381623	3.11648737761259e-24
CCND1	shHIF2a	1	-5.3895067	1.88356332085863e-74
CCND1	shHIF2a	2	-5.7686011	1.88356332085863e-74
CCND1	shHIF2a	3	-4.3591278	1.88356332085863e-74
CCND1	shJUNs	1	-3.1215769	2.40592842803008e-30
CCND1	shJUNs	2	-3.1210577	2.40592842803008e-30
CCND1	shJUNs	3	-2.9252447	2.40592842803008e-30
MYC	shYT	1	-3.0846034	1.20777320720228e-11
MYC	shYT	2	-2.112946	1.20777320720228e-11
MYC	shYT	3	-1.4792691	1.20777320720228e-11
MYC	shHIF2a	1	-2.0857235	1.61528125829675e-10
MYC	shHIF2a	2	-2.2195702	1.61528125829675e-10
MYC	shHIF2a	3	-1.7067852	1.61528125829675e-10
MYC	shJUNs	1	-1.7168879	2.50033301553972e-08
MYC	shJUNs	2	-1.7466545	2.50033301553972e-08
MYC	shJUNs	3	-1.7671927	2.50033301553972e-08
